Tick,InterToIntraCluster Ratio - Store,InterToIntraCluster Ratio - Lookup
1,0.3037,0.245743
2,0.2609,0.232317
3,0.2496,0.246479
4,0.2473,0.264195
5,0.2452,0.280874
6,0.2423,0.29739
7,0.2422,0.311694
8,0.2412,0.324892
9,0.2407,0.336893
