Tick,InterToIntraCluster Ratio - Store,InterToIntraCluster Ratio - Lookup
1,1.3908,0.542721
2,0.9964,0.443924
3,0.822,0.395867
4,0.7185,0.364692
5,0.6378,0.341279
6,0.5856,0.324207
7,0.5413,0.309418
8,0.504,0.297856
9,0.4744,0.286915
