Tick,InterToIntraCluster Ratio - Store,InterToIntraCluster Ratio - Lookup
1,1.0708,0.212343
2,0.7935,0.1669
3,0.6563,0.144084
4,0.5798,0.129459
5,0.5296,0.120497
6,0.4944,0.113005
7,0.4686,0.107059
8,0.4468,0.102347
9,0.4279,0.09789
